id,title,description,availability,condition,price,link,image_link,brand,google_product_category,fb_product_category,product_type,inventory,sale_price,weight
PKP-9,Pickled Mixed Veggies (500g),"Our signature jar crafted with hand-selected crunchy local cucumbers, sweet carrots, vibrant bell peppers, whole garlic cloves, and yellow mustard seeds. Infused in a perfectly balanced sweet, tangy, and savory vinegar brine with zero heavy oils.",in stock,new,450.00 BDT,https://pickpickles.xyz/product/pickled-mixed-veggies/,https://pickpickles.xyz/media/products/pickled_mixed_veggies.webp,Pickpickles,"Food, Beverages & Tobacco > Food Items > Condiments & Sauces > Pickles & Relishes",Food & Beverage > Food Items > Condiments & Sauces > Pickles & Relishes,Sweet & Tangy Pickles,4,450.00 BDT,500 g
PKP-10,Pickled Deshi Onions (500g),"Handcrafted with sliced local deshi onion rings steeped in artisanal cane vinegar brine infused with whole garlic cloves, bay leaf, yellow mustard seeds, black peppercorns, and fresh green chili. Tangy, zesty, and naturally crunchy — the authentic deshi touch for beef tehari, kacchi biryani, bhuna khichuri, kebabs, and smash burgers with zero heavy oils.",in stock,new,350.00 BDT,https://pickpickles.xyz/product/pickled-deshi-onions/,https://pickpickles.xyz/media/products/pickled_deshi_onions.webp,Pickpickles,"Food, Beverages & Tobacco > Food Items > Condiments & Sauces > Pickles & Relishes",Food & Beverage > Food Items > Condiments & Sauces > Pickles & Relishes,Sweet & Tangy Pickles,3,350.00 BDT,500 g
PKP-11,Pickled Green Peppers (500g),"Crisp sliced local green chillies, whole garlic cloves, fragrant bay leaf (tejpata), yellow mustard seeds, and black peppercorn infused in an artisanal cane vinegar brine. Delivers a vibrant, zesty crunch with a clean fiery kick that elevates rich and fried foods with zero heavy oils.",in stock,new,350.00 BDT,https://pickpickles.xyz/product/pickled-green-peppers/,https://pickpickles.xyz/media/products/pickled_green_peppers.webp,Pickpickles,"Food, Beverages & Tobacco > Food Items > Condiments & Sauces > Pickles & Relishes",Food & Beverage > Food Items > Condiments & Sauces > Pickles & Relishes,Spicy & Fire Hot Pickles,2,350.00 BDT,500 g
PKP-12,Pickled Beetroot (500g),"Handcrafted with fresh local ruby-red beetroot slices steeped in an artisanal spiced cane vinegar brine with whole garlic cloves, yellow mustard seeds, black peppercorns, and fragrant whole spices. Boasting an intense ruby-crimson hue, clean sweet-earthy tang, and a crisp bite — perfect for smash burgers, fresh salads, shawarma, beef tehari, and rice bowls with zero heavy oils.",in stock,new,400.00 BDT,https://pickpickles.xyz/product/pickled-beetroot/,https://pickpickles.xyz/media/products/pickled_beetroot.webp,Pickpickles,"Food, Beverages & Tobacco > Food Items > Condiments & Sauces > Pickles & Relishes",Food & Beverage > Food Items > Condiments & Sauces > Pickles & Relishes,Sweet & Tangy Pickles,2,400.00 BDT,500 g
PKP-14,Classic Dill Pickles (500g),"Handcrafted with fresh crisp local cucumbers, whole garlic cloves, fragrant dill herbs, bay leaves, yellow mustard seeds, and black peppercorns in an artisanal cold vinegar brine. Loud audible crunch and authentic deli flavor with zero heavy oils.",in stock,new,400.00 BDT,https://pickpickles.xyz/product/classic-dill-pickles/,https://pickpickles.xyz/media/products/classic_dill_pickles.webp,Pickpickles,"Food, Beverages & Tobacco > Food Items > Condiments & Sauces > Pickles & Relishes",Food & Beverage > Food Items > Condiments & Sauces > Pickles & Relishes,Classic Dill Pickles,1,400.00 BDT,500 g
PKP-15,Pickled Pineapple (500g),"Handcrafted with fresh juicy golden pineapple chunks steeped in an artisanal spiced cane vinegar brine with crushed red chili flakes, whole yellow mustard seeds, black peppercorns, and fresh green chili slices. An irresistible harmony of sweet tropical fruit, sharp vinegar tang, and a spicy chili punch with zero heavy oils.",in stock,new,450.00 BDT,https://pickpickles.xyz/product/pickled-pineapple/,https://pickpickles.xyz/media/products/pickled_pineapple.webp,Pickpickles,"Food, Beverages & Tobacco > Food Items > Condiments & Sauces > Pickles & Relishes",Food & Beverage > Food Items > Condiments & Sauces > Pickles & Relishes,Sweet & Tangy Pickles,8,450.00 BDT,500 g
PKP-16,Pickled Quail Eggs (500g),"Handcrafted with tender, perfectly boiled bite-sized quail eggs steeped in an artisanal spiced cane vinegar brine infused with whole garlic cloves, yellow mustard seeds, black peppercorns, and crushed chili flakes. A savory gourmet delicacy rich in protein and bursting with zesty flavor with zero heavy oils.",in stock,new,500.00 BDT,https://pickpickles.xyz/product/pickled-quail-eggs/,https://pickpickles.xyz/media/products/pickled_quail_eggs.webp,Pickpickles,"Food, Beverages & Tobacco > Food Items > Condiments & Sauces > Pickles & Relishes",Food & Beverage > Food Items > Condiments & Sauces > Pickles & Relishes,Relish & Specialty Cuts,1,500.00 BDT,500 g
PKP-17,Pickled Mango (500g),"Handcrafted with fresh juicy golden ripe mango long spears steeped in an artisanal spiced cane vinegar brine with crushed red chili flakes, whole yellow mustard seeds, black peppercorns, and aromatics. A mouth-watering harmony of sweet luscious mango, sharp tangy brine, and a spicy kick with zero heavy oils.",in stock,new,450.00 BDT,https://pickpickles.xyz/product/pickled-mango/,https://pickpickles.xyz/media/products/pickled_mango.webp,Pickpickles,"Food, Beverages & Tobacco > Food Items > Condiments & Sauces > Pickles & Relishes",Food & Beverage > Food Items > Condiments & Sauces > Pickles & Relishes,Sweet & Tangy Pickles,10,450.00 BDT,500 g
PKP-18,Pickled Bell Peppers (500g),"Handcrafted with farm-fresh colorful bell peppers (capsicum) sliced and steeped in our artisanal sweet and tangy cane vinegar brine with whole garlic cloves, bay leaf, yellow mustard seeds, and black peppercorns. Delivers a vibrant, juicy, sweet-tangy crunch with zero heavy oils.",in stock,new,550.00 BDT,https://pickpickles.xyz/product/pickled-bell-peppers/,https://pickpickles.xyz/media/products/pickled_bell_peppers_4C5nLGI.webp,Pickpickles,"Food, Beverages & Tobacco > Food Items > Condiments & Sauces > Pickles & Relishes",Food & Beverage > Food Items > Condiments & Sauces > Pickles & Relishes,Sweet & Tangy Pickles,1,550.00 BDT,500 g
PKP-19,Pickled Grapes (500g),"Handcrafted with plump, juicy whole green seedless grapes steeped in an artisanal spiced cane vinegar brine with crushed red chili flakes, yellow mustard seeds, cracked black pepper, and fragrant bay leaf. A crisp, zesty gourmet bite that bursts with sweet-tangy juice and a gentle spicy chili kick with zero heavy oils.",in stock,new,550.00 BDT,https://pickpickles.xyz/product/pickled-grapes/,https://pickpickles.xyz/media/products/pickled_grapes_fGlGyec.webp,Pickpickles,"Food, Beverages & Tobacco > Food Items > Condiments & Sauces > Pickles & Relishes",Food & Beverage > Food Items > Condiments & Sauces > Pickles & Relishes,Sweet & Tangy Pickles,1,550.00 BDT,500 g
